Epoch,Loss,Recall,Time
0,1725023.2,0.031044591010932456,0:00:36.990143
1,790875.0,0.08972613960642288,0:00:35.888308
2,503394.88,0.11911891458481903,0:00:36.084547
